<?xml version="1.0" encoding="utf-8"?>
<updates>
			<update>
				<name>giftd</name>
				<description>giftd</description>
				<element>giftd</element>
				<type>plugin</type>
				<version>1.0</version>
				<infourl title="Giftd">http://giftd.ru/</infourl>
				<downloads>
					<downloadurl type="full" format="zip">https://github.com/Giftd/giftd-joomla/archive/master.zip</downloadurl>
				</downloads>
				<tags>
					<tag>stable</tag>
				</tags>
				<maintainer>giftd</maintainer>
				<maintainerurl>http://giftd.ru/</maintainerurl>
				<section>Updates</section>
				<targetplatform name="joomla" version="3.4" />
				<client>0</client>
				<folder>system</folder>
			</update>
			<update>
				<name>giftd</name>
				<description>giftd</description>
				<element>giftd</element>
				<type>plugin</type>
				<version>1.0</version>
				<infourl title="Giftd">http://giftd.ru/</infourl>
				<downloads>
					<downloadurl type="full" format="zip">https://github.com/Giftd/giftd-joomla/archive/master.zip</downloadurl>
				</downloads>
				<tags>
					<tag>stable</tag>
				</tags>
				<maintainer>giftd</maintainer>
				<maintainerurl>http://giftd.ru/</maintainerurl>
				<section>Updates</section>
				<targetplatform name="joomla" version="2.5" />
				<client>0</client>
				<folder>system</folder>
			</update>
</updates>
